"Metric","Value"
"RMSE",17.4502829836962
"MAE",15.0931484555891
"R-squared",3.04717559477459e-05
