"","Age","Tumor_Size","Survival_Rate","Tumor_Growth_Rate"
"Age",1,0.960901213063116,-0.820495770335828,0.911102922325699
"Tumor_Size",0.960901213063116,1,-0.854598004677465,0.949752519497101
"Survival_Rate",-0.820495770335828,-0.854598004677465,1,-0.835691565433244
"Tumor_Growth_Rate",0.911102922325699,0.949752519497101,-0.835691565433244,1
