"","Age","Tumor_Size","Survival_Rate","Tumor_Growth_Rate"
"Age",1,-0.0143854845660787,-0.0148250238886005,-0.00985259163923171
"Tumor_Size",-0.0143854845660787,1,0.00329483717617591,0.00434680288915097
"Survival_Rate",-0.0148250238886005,0.00329483717617591,1,-0.00682493852290694
"Tumor_Growth_Rate",-0.00985259163923171,0.00434680288915097,-0.00682493852290694,1
