"Metric","Value"
"RMSE",3.07003918768947
"MAE",2.47209501473226
"R-squared",0.729812400283336
